﻿System,TOC-L STRI Panama,,,,,,,,,,,,
S/W Version,1,,,,,,,,,,,,
User,TORRESIC,,,,,,,,,,,,
Date/Time,7/10/23 0:00,,Andrea Vincent/grupo 1/Normal,,,,,,,,,,
,,,,,,,,,,,,,
[System],,,,,,,,,,,,,
Instrument Options,TOC/ASI/IC Unit/TN/,,,,,,,,,,,,
,,,,,,,,,,,,,
[Data],,,,,,,,,,,,,
Type,Anal.,Sample Name,Sample ID,Result(NPOC),Result(TN),Unit,Vial,Date / Time,Sample #,% of 20,% of 20,drift 1,drift 2
Standard,TN,Untitled,Untitled,,10,mg/L,"1, 2, 3, 4, 5",7/10/23 19:34,,,,,
Standard,NPOC,Untitled,Untitled,100,,mg/L,"1, 2, 3, 4, 5",7/10/23 20:38,,,,,
Unknown,NPOC/TN,CHECK 1,CHECK1,17.25,1.635,mg/L,6,7/10/23 20:50,,,,,
Unknown,NPOC/TN,1-2 -WAR FUM UNF ,S1 PENFIR-1,30.36,2.474,mg/L,7,7/10/23 20:59,1,,,,
Unknown,NPOC/TN,1-5 WAR FUM,S2 PENFIR 1,44.12,3.956,mg/L,8,7/10/23 21:10,2,,,,
Unknown,NPOC/TN,1-7 WAR FUM,S3 PENFIR 1,30.59,3.385,mg/L,9,7/10/23 21:20,3,,,,
Unknown,NPOC/TN,1-9 CON FUM,S4 PENFIR 1,28.3,2.677,mg/L,10,7/10/23 21:29,4,,,,
Unknown,NPOC/TN,2.17 CON FUM,S5 PENFIR 1,38.7,4.351,mg/L,11,7/10/23 21:39,5,,,,
Unknown,NPOC/TN,3.3 CON FUM,S6 PENFIR 1,35.02,3.729,mg/L,12,7/10/23 21:49,6,,,,
Unknown,NPOC/TN,3.12 CON FUM,S7 PENFIR 1,36.37,4.531,mg/L,13,7/10/23 21:59,7,,,,
Unknown,NPOC/TN,3.12  WARFUM,S8 PENFIR,34.84,4.184,mg/L,14,7/10/23 22:09,8,,,,
Unknown,NPOC/TN,3.14 CON FUN,S9 PENFIR 1,39.06,4.627,mg/L,15,7/10/23 22:19,9,,,,
Unknown,NPOC/TN,3-14 WAR FUM,S10 PENFIR 1,34.44,3.864,mg/L,16,7/10/23 22:29,10,,,,
Unknown,NPOC/TN,STD Tupper 1,S11 STD 1,6.514,0.7669,mg/L,17,7/10/23 22:37,11,,,,
Unknown,NPOC/TN,CHECK 2,CHECK 2,17.10,1.524,mg/L,18,7/10/23 22:47,12,,,,
Unknown,NPOC/TN,BKL 1,S12  BKL 1,27.78,-0.2431,mg/L,19,7/10/23 22:59,,,,,
Unknown,NPOC/TN,3-16 WAR FUM,S13 PENFIR 1,38.35,4.054,mg/L,20,7/10/23 23:09,1,,,,
Unknown,NPOC/TN,4-6 CON FUM,S14 PENFIR 1,39.17,4.852,mg/L,21,7/10/23 23:19,2,,,,
Unknown,NPOC/TN,4-6 WAR FUM,S15 PENFIR 1,45.84,5.013,mg/L,22,7/10/23 23:30,3,,,,
Unknown,NPOC/TN,4-6 WAR UF,S16 PENFIR 1,20.73,1.926,mg/L,23,7/10/23 23:39,4,,,,
Unknown,NPOC/TN,4-8 WAR FUM,S17 PENFIR 1,43.66,5.610,mg/L,24,7/10/23 23:49,5,,,,
Unknown,NPOC/TN,4-11 WAR FUM,S18 PENFIR 1,45.74,5.405,mg/L,25,7/11/23 0:00,6,,,,
Unknown,NPOC/TN,4-15 CON FUM,S19 PENFIR 1,48.01,5.512,mg/L,26,7/11/23 0:10,7,,,,
Unknown,NPOC/TN,4-15 WAR FUM,S20 PENFIR 1,36.67,4.0940,mg/L,27,7/11/23 0:20,8,,,,
Unknown,NPOC/TN,4-19 CON FUM,S21 PENFIR 1,37.85,4.475,mg/L,28,7/11/23 0:31,9,,,,
Unknown,NPOC/TN,4'19 WAR FUM,S22 PENFIR 1,38.84,3.697,mg/L,29,7/11/23 0:41,10,,,,
Unknown,NPOC/TN,CHECK 3,CHECK3,17.27,1.491,mg/L,30,7/11/23 0:50,11,,,,
Unknown,NPOC/TN,BKL 2,S23 BLK 2,28.4,-0.2517,mg/L,31,7/11/23 1:02,,,,,
Unknown,NPOC/TN,1-2 CON UF,S24 PENFIR 2,14.76,1.130,mg/L,32,7/11/23 1:11,1,,,,
Unknown,NPOC/TN,1-2 WAR UF,S25 PENFIR 2,9.431,0.8242,mg/L,33,7/11/23 1:19,2,,,,
Unknown,NPOC/TN,1-4 CON UF,S26 PENFIR 2,9.597,0.6354,mg/L,34,7/11/23 1:28,3,,,,
Unknown,NPOC/TN,1-4 WAR UF,S27 PENFIR 2,16.92,1.344,mg/L,35,7/11/23 1:38,4,,,,
Unknown,NPOC/TN,2-20 CON UF,S28 PENFIR 2,7.703,0.851,mg/L,36,7/11/23 1:47,5,,,,
Unknown,NPOC/TN,3-3 CON UF,S29 PENFIR 2,15.65,1.12,mg/L,37,7/11/23 1:56,6,,,,
Unknown,NPOC/TN,3-3 WAR UF,S30 PENFIR 2,17.52,1.736,mg/L,38,7/11/23 2:05,7,,,,
Unknown,NPOC/TN,3-12 CON UF,S31 PENFIR 2,12.71,1.127,mg/L,39,7/11/23 2:14,8,,,,
Unknown,NPOC/TN,3-12 WAR UF,S32 PENFIR 2,12.43,1.068,mg/L,40,7/11/23 2:23,9,,,,
Unknown,NPOC/TN,3-14 WAR UF,S33 PENFIR 2,16.16,1.34,mg/L,41,7/11/23 2:33,10,,,,
Unknown,NPOC/TN,CHECK 4,CHECK4,17.24,1.469,mg/L,42,7/11/23 2:43,11,,,,
Unknown,NPOC/TN,STD Tupper 2,S34 STD 2,6.135,0.703,mg/L,43,7/11/23 2:51,,,,,
Unknown,NPOC/TN,BKL 3   1 UF,S35 BKL 3,2.69,-0.269,mg/L,44,7/11/23 3:00,,,,,
Unknown,NPOC/TN,3-16 CON UF,S36 PENFIR 2,13.04,0.826,mg/L,45,7/11/23 3:09,1,,,,
Unknown,NPOC/TN,4-6 CON UF,S37 PENFIR 2,18.09,1.793,mg/L,46,7/11/23 3:19,2,,,,
Unknown,NPOC/TN,4-8 CON UF,S38 PENFIR 2,16.29,1.541,mg/L,47,7/11/23 3:28,3,,,,
Unknown,NPOC/TN,4-8 WAR UF,S39 PENFIR 2,17,1.726,mg/L,48,7/11/23 3:38,4,,,,
Unknown,NPOC/TN,4-11 CON UF,S40 PENFIR 2,20.34,1.569,mg/L,49,7/11/23 3:48,5,,,,
Unknown,NPOC/TN,4-11 WAR UF,S41 PENFIR 2,19.69,2.018,mg/L,50,7/11/23 3:57,6,,,,
Unknown,NPOC/TN,4-15 CON UF,S42 PENFIR 2,20.97,1.774,mg/L,51,7/11/23 4:07,7,,,,
Unknown,NPOC/TN,4-15 WAR UF,S43 PENFIR 2,15.77,1.426,mg/L,52,7/11/23 4:17,8,,,,
Unknown,NPOC/TN,4-19 CON UF,S44 PENFIR 2,13.19,1.202,mg/L,53,7/11/23 4:26,9,,,,
Unknown,NPOC/TN,4-19 WAR UF,S45 PENFIR 2,16.86,1.591,mg/L,54,7/11/23 4:36,10,,,,
Unknown,NPOC/TN,CHECK 5 ,CHECK 5,17.09,1.452,mg/L,55,7/11/23 4:45,,,,,
Unknown,NPOC/TN,BKL 4  2UF,S46 BKL 4,2.012,-0.259,mg/L,56,7/11/23 4:54,,,,,
Unknown,NPOC/TN,1-5 CON FUM,S47 PENFIR 3,28.9,2.373,mg/L,57,7/11/23 5:04,,,,,
Unknown,NPOC/TN,1-7 CON FUM,S48 PENFIR 3,25.71,2.186,mg/L,58,7/11/23 5:14,,,,,
Unknown,NPOC/TN,1-9 WAR FUM ,S49 PENFIR 3,26.77,2.652,mg/L,59,7/11/23 5:24,,,,,
Unknown,NPOC/TN,2-17 WAR FUM,S50 PENFIR 3,33.76,3.572,mg/L,60,7/11/23 5:34,,,,,
Unknown,NPOC/TN,2-20 CON FUM,S51 PENFIR 3,20.94,2.387,mg/L,61,7/11/23 5:43,,,,,
Unknown,NPOC/TN,3-16 CON FUM ,S52 PENFIR 3,40.96,3.834,mg/L,62,7/11/23 5:54,,,,,
Unknown,NPOC/TN,4-11 CON FUM,S53 PENFIR 3,41.94,4.598,mg/L,63,7/11/23 6:05,,,,,
Unknown,NPOC/TN,CHECK 6,CHECK 6,17.16,1.411,mg/L,64,7/11/23 6:17,,,,,
Unknown,NPOC/TN,BKL 5   1UF-P,S54 ,673.7,-0.1954,mg/L,65,7/11/23 6:40,,,,,
,,,,,,,,,,,,,
,,,,,,,,,,,,,
,,,,,,,,,,,,,
,,,,,,,,,,,,,
,,,,,,,,,,,,,