﻿System,TOC-L STRI Panama,,,,,,,
S/W Version,1,,,,,,,
User,TORRESIC,,,,,,,
Date/Time,7/11/23 0:00,,ANDREA VINCENT 2do GRUPO/normal,,,,,
,,,,,,,,
[System],,,,,,,,
Instrument Options,TOC/ASI/IC Unit/TN/,,,,,,,
,,,,,,,,
[Data],,,,,,,,
Type,Anal.,Sample Name,Sample ID,Result(NPOC),Result(TN),Unit,Vial,Date / Time
Standard,TN,Untitled,Untitled,,10,mg/L,"1, 2, 3, 4, 5",7/11/23 17:11
Standard,NPOC,Untitled,Untitled,100,,mg/L,"1, 2, 3, 4, 5",7/11/23 18:23
Unknown,NPOC/TN,CHECK 1,CHECK1,19.660,2.06,mg/L,6,7/11/23 18:31
Unknown,NPOC/TN,1-2 -CON FUM  ,S1 HYPIRA-4,35.05,4.401,mg/L,7,7/11/23 18:41
Unknown,NPOC/TN,1-4  CON FUM,S2 HYPIRA-4,29.24,3.038,mg/L,8,7/11/23 18:53
Unknown,NPOC/TN,1-4 WAR FUM,S3 HYPIRA-4,39.940,5.152,mg/L,9,7/11/23 19:03
Unknown,NPOC/TN,1-5 CON UF,S4  HYPIRA-4,13.08,1.233,mg/L,10,7/11/23 19:12
Unknown,NPOC/TN,1-5  WAR UF,S5 HYPIRA-4,20.29,2.012,mg/L,11,7/11/23 19:22
Unknown,NPOC/TN,1-7  CON UF,S6 HYPIRA-4,12.37,1.145,mg/L,12,7/11/23 19:31
Unknown,NPOC/TN,1-7  WAR UF,S7 HYPIRA-4,13.1,1.535,mg/L,13,7/11/23 19:40
Unknown,NPOC/TN,1-9  CON UF,S8 HYPIRA-4,13.9,1.345,mg/L,14,7/11/23 19:49
Unknown,NPOC/TN,1-9  WAR UF,S9 HYPIRA-4,9.061,1.246,mg/L,15,7/11/23 19:57
Unknown,NPOC/TN,2-17  CON UF,S10 HYPIRA-4,18.43,1.642,mg/L,16,7/11/23 20:07
Unknown,NPOC/TN,STD Tupper 1,S11 STD 1,8.536,1.1920,mg/L,17,7/11/23 20:16
Unknown,NPOC/TN,CHECK 2,CHECK 2,19.420,2.046,mg/L,18,7/11/23 20:29
Unknown,NPOC/TN,BKL 1 1 UF-P,S12  BKL 1,709.8,0.07235,mg/L,19,7/11/23 20:45
Unknown,NPOC/TN,2-17  WAR UF,S13 HYPIRA-4 ,44.840,1.724,mg/L,20,7/11/23 21:07
Unknown,NPOC/TN,2-18  CON UF,S14 HYPIRA-4 ,14.970,1.295,mg/L,21,7/11/23 21:21
Unknown,NPOC/TN,2-18  WAR UF,S15 HYPIRA-4 ,17.570,1.853,mg/L,22,7/11/23 21:33
Unknown,NPOC/TN,2-18  CON FUM,S16 HYPIRA-4 ,30.420,3.295,mg/L,23,7/11/23 21:42
Unknown,NPOC/TN,2-18  WAR FUM,S17 HYPIRA-4 ,31.270,2.531,mg/L,24,7/11/23 21:51
Unknown,NPOC/TN,2-20  WAR FUM,S18 HYPIRA-4 ,29.130,3.834,mg/L,25,7/11/23 22:00
Unknown,NPOC/TN,2-20  WAR UF,S19 HYPIRA-4 ,15.600,1.68,mg/L,26,7/11/23 22:09
Unknown,NPOC/TN,3-3  WAR FUM,S20 HYPIRA-4 ,42.5200,5.679,mg/L,27,7/11/23 22:19
Unknown,NPOC/TN,3-14  CON UF,S21 HYPIRA-4 ,19.250,1.791,mg/L,28,7/11/23 22:28
Unknown,NPOC/TN,3-16  WAR UF,S22 HYPIRA-4 ,20.88,2.169,mg/L,29,7/11/23 22:41
Unknown,NPOC/TN,4-8  CON FUM,S23 HYPIRA-5 ,44.330,6.617,mg/L,30,7/11/23 22:51
Unknown,NPOC/TN,STD Tupper 2,S23 STD 2,8.841,1.241,mg/L,31,7/11/23 22:59
Unknown,NPOC/TN,CHECK 3, CHECK 3,19.810,1.996,mg/L,32,7/11/23 23:09
Unknown,NPOC/TN,BKL 2   2 UF,S25  BKL 2,4.783,0.04892,mg/L,33,7/11/23 23:18
,,,,,,,,
,,,,,,,,
,,,,,,,,
,,,,,,,,
,,,,,,,,
,,,,,,,,
,,,,,,,,
,,,,,,,,
,,,,,,,,
,,,,,,,,
,,,,,,,,
,,,,,,,,
,,,,,,,,
,,,,,,,,
,,,,,,,,
,,,,,,,,
,,,,,,,,
,,,,,,,,
,,,,,,,,
,,,,,,,,
,,,,,,,,
,,,,,,,,
,,,,,,,,